gmeId,oppId,locId
GME0001,OPP0001,LOC0001
GME0002,OPP0002,LOC0001
GME0003,OPP0003,LOC0001
GME0004,OPP0004,LOC0001
GME0005,OPP0005,LOC0001
GME0006,OPP0006,LOC0002
GME0007,OPP0006,LOC0002
GME0008,OPP0007,LOC0002
GME0009,OPP0007,LOC0002
GME0010,OPP0008,LOC0003
GME0011,OPP0009,LOC0003
GME0012,OPP0010,LOC0003
GME0013,OPP0010,LOC0003
GME0014,OPP0008,LOC0003
GME0015,OPP0011,LOC0004
GME0016,OPP0012,LOC0004
GME0017,OPP0013,LOC0004
GME0018,OPP0011,LOC0004
GME0019,OPP0012,LOC0004
GME0020,OPP0014,LOC0005
GME0021,OPP0014,LOC0005
GME0022,OPP0015,LOC0005
GME0023,OPP0016,LOC0005
GME0024,OPP0017,LOC0006
GME0025,OPP0018,LOC0006
GME0026,OPP0019,LOC0006
GME0027,OPP0018,LOC0006
GME0028,OPP0020,LOC0007
GME0029,OPP0020,LOC0007
GME0030,OPP0020,LOC0007
GME0031,OPP0021,LOC0006
GME0032,OPP0022,LOC0006
GME0033,OPP0022,LOC0006
GME0034,OPP0022,LOC0006
GME0035,OPP0023,LOC0008
GME0036,OPP0023,LOC0008
GME0037,OPP0024,LOC0006
GME0038,OPP0024,LOC0006
GME0039,OPP0024,LOC0006
GME0040,OPP0025,LOC0009
GME0041,OPP0025,LOC0009
GME0042,OPP0025,LOC0009
GME0043,OPP0026,LOC0006
GME0044,OPP0027,LOC0006
GME0045,OPP0027,LOC0006
GME0046,OPP0027,LOC0006
GME0047,OPP0028,LOC0006
GME0048,OPP0028,LOC0006
GME0049,OPP0029,LOC0006
GME0050,OPP0030,LOC0010
GME0051,OPP0030,LOC0010
GME0052,OPP0030,LOC0010
GME0053,OPP0031,LOC0010
GME0054,OPP0032,LOC0011
GME0055,OPP0002,LOC0011
GME0056,OPP0033,LOC0011
GME0057,OPP0025,LOC0011
GME0058,OPP0034,LOC0012
GME0059,OPP0035,LOC0012
GME0060,OPP0036,LOC0012
GME0061,OPP0036,LOC0012
GME0062,OPP0037,LOC0013
GME0063,OPP0038,LOC0013
GME0064,OPP0039,LOC0013
GME0065,OPP0040,LOC0013
GME0066,OPP0041,LOC0013
GME0067,OPP0042,LOC0014
GME0068,OPP0013,LOC0014
GME0069,OPP0043,LOC0014
GME0070,OPP0044,LOC0014
GME0071,OPP0045,LOC0014
GME0072,OPP0046,LOC0015
GME0073,OPP0047,LOC0015
GME0074,OPP0048,LOC0015
GME0075,OPP0046,LOC0015
GME0076,OPP0006,LOC0016
GME0077,OPP0049,LOC0017
GME0078,OPP0050,LOC0017
GME0079,OPP0026,LOC0006
GME0080,OPP0005,LOC0006
GME0081,OPP0013,LOC0006
GME0082,OPP0051,LOC0006
GME0083,OPP0052,LOC0006
GME0084,OPP0053,LOC0018
GME0085,OPP0027,LOC0019
GME0086,OPP0027,LOC0019
GME0087,OPP0027,LOC0019
GME0088,OPP0025,LOC0018
GME0089,OPP0025,LOC0018
GME0090,OPP0025,LOC0018
GME0091,OPP0054,LOC0018
GME0092,OPP0055,LOC0020
GME0093,OPP0055,LOC0020
GME0094,OPP0055,LOC0020
GME0095,OPP0056,LOC0018
GME0096,OPP0056,LOC0018
GME0097,OPP0056,LOC0018
GME0098,OPP0023,LOC0018
GME0099,OPP0023,LOC0018
GME0100,OPP0010,LOC0021
GME0101,OPP0010,LOC0021
GME0102,OPP0010,LOC0021
GME0103,OPP0022,LOC0022
GME0104,OPP0022,LOC0022
GME0105,OPP0022,LOC0022
GME0106,OPP0057,LOC0018
GME0107,OPP0057,LOC0018
GME0108,OPP0022,LOC0022
GME0109,OPP0058,LOC0022
GME0110,OPP0059,LOC0023
GME0111,OPP0059,LOC0023
GME0112,OPP0030,LOC0023
GME0113,OPP0030,LOC0023
GME0114,OPP0028,LOC0023
GME0115,OPP0028,LOC0023
GME0116,OPP0055,LOC0023
GME0117,OPP0055,LOC0023
GME0118,OPP0055,LOC0023
GME0119,OPP0025,LOC0023
GME0120,OPP0025,LOC0023
GME0121,OPP0025,LOC0023
GME0122,OPP0057,LOC0024
GME0123,OPP0057,LOC0024
GME0124,OPP0057,LOC0024
GME0125,OPP0057,LOC0024
GME0126,OPP0060,LOC0018
GME0127,OPP0060,LOC0018
GME0128,OPP0060,LOC0018
GME0129,OPP0060,LOC0018
GME0130,OPP0022,LOC0018
GME0131,OPP0022,LOC0018
GME0132,OPP0022,LOC0018
GME0133,OPP0022,LOC0018
GME0134,OPP0056,LOC0025
GME0135,OPP0056,LOC0025
GME0136,OPP0056,LOC0025
GME0137,OPP0056,LOC0025
GME0138,OPP0027,LOC0018
GME0139,OPP0027,LOC0018
GME0140,OPP0027,LOC0018
GME0141,OPP0027,LOC0018
GME0142,OPP0024,LOC0026
GME0143,OPP0024,LOC0026
GME0144,OPP0024,LOC0026
GME0145,OPP0024,LOC0026
GME0146,OPP0023,LOC0008
GME0147,OPP0023,LOC0008
GME0148,OPP0023,LOC0008
GME0149,OPP0023,LOC0008
GME0150,OPP0020,LOC0018
GME0151,OPP0020,LOC0018
GME0152,OPP0020,LOC0018
GME0153,OPP0020,LOC0018
GME0154,OPP0061,LOC0027
GME0155,OPP0062,LOC0027
GME0156,OPP0063,LOC0027
GME0157,OPP0064,LOC0027
GME0158,OPP0065,LOC0027
GME0159,OPP0066,LOC0028
GME0160,OPP0067,LOC0028
GME0161,OPP0066,LOC0028
GME0162,OPP0067,LOC0028
GME0163,OPP0068,LOC0029
GME0164,OPP0013,LOC0029
GME0165,OPP0069,LOC0029
GME0166,OPP0070,LOC0029
GME0167,OPP0071,LOC0030
GME0168,OPP0072,LOC0030
GME0169,OPP0071,LOC0030
GME0170,OPP0028,LOC0030
GME0171,OPP0072,LOC0030
GME0172,OPP0015,LOC0031
GME0173,OPP0073,LOC0031
GME0174,OPP0073,LOC0031
GME0175,OPP0074,LOC0031
GME0176,OPP0075,LOC0031
GME0177,OPP0076,LOC0032
GME0178,OPP0077,LOC0032
GME0179,OPP0078,LOC0032
GME0180,OPP0077,LOC0032
GME0181,OPP0076,LOC0032
GME0182,OPP0079,LOC0033
GME0183,OPP0080,LOC0033
GME0184,OPP0081,LOC0033
GME0185,OPP0080,LOC0033
GME0186,OPP0082,LOC0033
GME0187,OPP0083,LOC0034
GME0188,OPP0084,LOC0034
GME0189,OPP0085,LOC0034
GME0190,OPP0084,LOC0034
GME0191,OPP0083,LOC0034
GME0192,OPP0086,LOC0035
GME0193,OPP0007,LOC0002
GME0194,OPP0036,LOC0002
GME0195,OPP0014,LOC0036
GME0196,OPP0038,LOC0036
GME0197,OPP0087,LOC0036
GME0198,OPP0040,LOC0036
GME0199,OPP0087,LOC0036
GME0200,OPP0026,LOC0006
GME0201,OPP0088,LOC0006
GME0202,OPP0089,LOC0006
GME0203,OPP0046,LOC0006
GME0204,OPP0006,LOC0006
GME0205,OPP0090,LOC0006
GME0206,OPP0090,LOC0006
GME0207,OPP0090,LOC0006
GME0208,OPP0091,LOC0006
GME0209,OPP0091,LOC0006
GME0210,OPP0091,LOC0006
GME0211,OPP0022,LOC0022
GME0212,OPP0022,LOC0022
GME0213,OPP0022,LOC0022
GME0214,OPP0020,LOC0007
GME0215,OPP0020,LOC0007
GME0216,OPP0020,LOC0007
GME0217,OPP0027,LOC0006
GME0218,OPP0027,LOC0006
GME0219,OPP0027,LOC0006
GME0220,OPP0023,LOC0008
GME0221,OPP0023,LOC0008
GME0222,OPP0024,LOC0026
GME0223,OPP0024,LOC0026
GME0224,OPP0024,LOC0026
GME0225,OPP0056,LOC0006
GME0226,OPP0056,LOC0006
GME0227,OPP0056,LOC0006
GME0228,OPP0084,LOC0037
GME0229,OPP0092,LOC0037
GME0230,OPP0093,LOC0037
GME0231,OPP0094,LOC0038
GME0232,OPP0095,LOC0038
GME0233,OPP0096,LOC0038
GME0234,OPP0095,LOC0038
GME0235,OPP0097,LOC0039
GME0236,OPP0098,LOC0039
GME0237,OPP0070,LOC0039
GME0238,OPP0098,LOC0039
GME0239,OPP0099,LOC0039
GME0240,OPP0100,LOC0040
GME0241,OPP0101,LOC0040
GME0242,OPP0102,LOC0040
GME0243,OPP0100,LOC0040
GME0244,OPP0103,LOC0040
GME0245,OPP0104,LOC0041
GME0246,OPP0103,LOC0041
GME0247,OPP0105,LOC0041
GME0248,OPP0104,LOC0041
GME0249,OPP0106,LOC0041
GME0250,OPP0107,LOC0042
GME0251,OPP0108,LOC0042
GME0252,OPP0017,LOC0042
GME0253,OPP0107,LOC0042
GME0254,OPP0109,LOC0042
GME0255,OPP0027,LOC0043
GME0256,OPP0027,LOC0043
GME0257,OPP0027,LOC0043
GME0258,OPP0025,LOC0041
GME0259,OPP0025,LOC0041
GME0260,OPP0025,LOC0041
GME0261,OPP0030,LOC0044
GME0262,OPP0030,LOC0044
GME0263,OPP0030,LOC0044
GME0264,OPP0096,LOC0041
GME0265,OPP0096,LOC0041
GME0266,OPP0020,LOC0041
GME0267,OPP0020,LOC0041
GME0268,OPP0020,LOC0041
GME0269,OPP0023,LOC0041
GME0270,OPP0023,LOC0041
GME0271,OPP0110,LOC0025
GME0272,OPP0110,LOC0025
GME0273,OPP0110,LOC0025
GME0274,OPP0057,LOC0045
GME0275,OPP0057,LOC0045
GME0276,OPP0057,LOC0045
GME0277,OPP0022,LOC0041
GME0278,OPP0022,LOC0041
GME0279,OPP0022,LOC0041
GME0280,OPP0030,LOC0046
GME0281,OPP0010,LOC0027
GME0282,OPP0063,LOC0027
GME0283,OPP0063,LOC0027
GME0284,OPP0111,LOC0027
GME0285,OPP0010,LOC0027
GME0286,OPP0112,LOC0039
GME0287,OPP0113,LOC0039
GME0288,OPP0114,LOC0039
GME0289,OPP0098,LOC0039
GME0290,OPP0115,LOC0047
GME0291,OPP0116,LOC0047
GME0292,OPP0117,LOC0047
GME0293,OPP0118,LOC0047
GME0294,OPP0045,LOC0047
GME0295,OPP0119,LOC0048
GME0296,OPP0120,LOC0048
GME0297,OPP0121,LOC0048
GME0298,OPP0122,LOC0048
GME0299,OPP0122,LOC0048
GME0300,OPP0123,LOC0049
GME0301,OPP0124,LOC0049
GME0302,OPP0084,LOC0049
GME0303,OPP0125,LOC0049
GME0304,OPP0052,LOC0041
GME0305,OPP0126,LOC0041
GME0306,OPP0052,LOC0041
GME0307,OPP0050,LOC0041
GME0308,OPP0127,LOC0041
GME0309,OPP0057,LOC0041
GME0310,OPP0057,LOC0041
GME0311,OPP0057,LOC0041
GME0312,OPP0022,LOC0050
GME0313,OPP0022,LOC0050
GME0314,OPP0022,LOC0050
GME0315,OPP0060,LOC0051
GME0316,OPP0060,LOC0051
GME0317,OPP0060,LOC0051
GME0318,OPP0110,LOC0041
GME0319,OPP0110,LOC0041
GME0320,OPP0110,LOC0041
GME0321,OPP0020,LOC0052
GME0322,OPP0020,LOC0052
GME0323,OPP0020,LOC0052
GME0324,OPP0027,LOC0041
GME0325,OPP0027,LOC0041
GME0326,OPP0027,LOC0041
GME0327,OPP0023,LOC0053
GME0328,OPP0023,LOC0053
GME0329,OPP0028,LOC0041
GME0330,OPP0028,LOC0041
GME0331,OPP0028,LOC0041
GME0332,OPP0048,LOC0054
GME0333,OPP0128,LOC0054
GME0334,OPP0120,LOC0054
GME0335,OPP0129,LOC0054
GME0336,OPP0130,LOC0054
GME0337,OPP0131,LOC0055
GME0338,OPP0132,LOC0055
GME0339,OPP0133,LOC0055
GME0340,OPP0103,LOC0055
GME0341,OPP0131,LOC0055
GME0342,OPP0134,LOC0056
GME0343,OPP0135,LOC0056
GME0344,OPP0135,LOC0056
GME0345,OPP0136,LOC0056
GME0346,OPP0137,LOC0056
GME0347,OPP0138,LOC0057
GME0348,OPP0013,LOC0058
GME0349,OPP0086,LOC0058
GME0350,OPP0135,LOC0057
GME0351,OPP0139,LOC0059
GME0352,OPP0140,LOC0059
GME0353,OPP0139,LOC0059
GME0354,OPP0141,LOC0059
GME0355,OPP0141,LOC0059
GME0356,OPP0142,LOC0060
GME0357,OPP0005,LOC0060
GME0358,OPP0052,LOC0060
GME0359,OPP0057,LOC0061
GME0360,OPP0057,LOC0061
GME0361,OPP0057,LOC0061
GME0362,OPP0024,LOC0060
GME0363,OPP0024,LOC0060
GME0364,OPP0024,LOC0060
GME0365,OPP0096,LOC0060
GME0366,OPP0096,LOC0060
GME0367,OPP0022,LOC0060
GME0368,OPP0022,LOC0060
GME0369,OPP0022,LOC0060
GME0370,OPP0027,LOC0062
GME0371,OPP0027,LOC0062
GME0372,OPP0027,LOC0062
GME0373,OPP0023,LOC0060
GME0374,OPP0023,LOC0060
GME0375,OPP0110,LOC0025
GME0376,OPP0110,LOC0025
GME0377,OPP0110,LOC0025
GME0378,OPP0010,LOC0063
GME0379,OPP0010,LOC0063
GME0380,OPP0010,LOC0063
GME0381,OPP0020,LOC0060
GME0382,OPP0020,LOC0060
GME0383,OPP0020,LOC0060
GME0384,OPP0143,LOC0064
GME0385,OPP0144,LOC0064
GME0386,OPP0143,LOC0064
GME0387,OPP0044,LOC0064
GME0388,OPP0044,LOC0064
GME0389,OPP0145,LOC0056
GME0390,OPP0146,LOC0056
GME0391,OPP0073,LOC0056
GME0392,OPP0146,LOC0056
GME0393,OPP0136,LOC0056
GME0394,OPP0147,LOC0065
GME0395,OPP0002,LOC0065
GME0396,OPP0082,LOC0065
GME0397,OPP0085,LOC0065
GME0398,OPP0148,LOC0065
GME0399,OPP0149,LOC0066
GME0400,OPP0150,LOC0066
GME0401,OPP0122,LOC0066
GME0402,OPP0151,LOC0066
GME0403,OPP0152,LOC0066
GME0404,OPP0088,LOC0067
GME0405,OPP0137,LOC0067
GME0406,OPP0050,LOC0067
GME0407,OPP0144,LOC0041
GME0408,OPP0144,LOC0041
GME0409,OPP0153,LOC0041
GME0410,OPP0154,LOC0041
GME0411,OPP0154,LOC0041
GME0412,OPP0025,LOC0068
GME0413,OPP0025,LOC0068
GME0414,OPP0025,LOC0068
GME0415,OPP0045,LOC0041
GME0416,OPP0045,LOC0041
GME0417,OPP0057,LOC0041
GME0418,OPP0057,LOC0041
GME0419,OPP0057,LOC0041
GME0420,OPP0020,LOC0052
GME0421,OPP0020,LOC0052
GME0422,OPP0020,LOC0052
GME0423,OPP0155,LOC0041
GME0424,OPP0155,LOC0041
GME0425,OPP0030,LOC0041
GME0426,OPP0027,LOC0041
GME0427,OPP0027,LOC0041
GME0428,OPP0027,LOC0041
GME0429,OPP0023,LOC0069
GME0430,OPP0023,LOC0069
GME0431,OPP0110,LOC0041
GME0432,OPP0110,LOC0041
GME0433,OPP0110,LOC0041
GME0434,OPP0022,LOC0050
GME0435,OPP0022,LOC0050
GME0436,OPP0022,LOC0050
GME0437,OPP0027,LOC0045
GME0438,OPP0156,LOC0031
GME0439,OPP0074,LOC0031
GME0440,OPP0105,LOC0031
GME0441,OPP0074,LOC0031
GME0442,OPP0105,LOC0031
GME0443,OPP0150,LOC0056
GME0444,OPP0157,LOC0056
GME0445,OPP0157,LOC0056
GME0446,OPP0136,LOC0056
GME0447,OPP0158,LOC0056
GME0448,OPP0159,LOC0065
GME0449,OPP0148,LOC0065
GME0450,OPP0160,LOC0065
GME0451,OPP0161,LOC0065
GME0452,OPP0092,LOC0065
GME0453,OPP0162,LOC0070
GME0454,OPP0163,LOC0070
GME0455,OPP0095,LOC0070
GME0456,OPP0120,LOC0070
GME0457,OPP0098,LOC0070
GME0458,OPP0164,LOC0018
GME0459,OPP0164,LOC0018
GME0460,OPP0164,LOC0018
GME0461,OPP0007,LOC0002
GME0462,OPP0007,LOC0002
GME0463,OPP0007,LOC0002
GME0464,OPP0165,LOC0018
GME0465,OPP0165,LOC0018
GME0466,OPP0166,LOC0071
GME0467,OPP0166,LOC0071
GME0468,OPP0166,LOC0071
GME0469,OPP0048,LOC0072
GME0470,OPP0048,LOC0072
GME0471,OPP0048,LOC0072
GME0472,OPP0167,LOC0041
GME0473,OPP0143,LOC0018
GME0474,OPP0143,LOC0018
GME0475,OPP0143,LOC0018
GME0476,OPP0168,LOC0018
GME0477,OPP0168,LOC0018
GME0478,OPP0147,LOC0073
GME0479,OPP0147,LOC0073
GME0480,OPP0147,LOC0073
GME0481,OPP0067,LOC0018
GME0482,OPP0067,LOC0018
GME0483,OPP0067,LOC0018
GME0484,OPP0169,LOC0056
GME0485,OPP0142,LOC0056
GME0486,OPP0110,LOC0056
GME0487,OPP0169,LOC0056
GME0488,OPP0122,LOC0065
GME0489,OPP0170,LOC0065
GME0490,OPP0024,LOC0065
GME0491,OPP0161,LOC0065
GME0492,OPP0171,LOC0065
GME0493,OPP0149,LOC0070
GME0494,OPP0150,LOC0070
GME0495,OPP0172,LOC0070
GME0496,OPP0014,LOC0070
GME0497,OPP0147,LOC0070
GME0498,OPP0173,LOC0041
GME0499,OPP0127,LOC0041
GME0500,OPP0163,LOC0041
GME0501,OPP0025,LOC0041
GME0502,OPP0057,LOC0041
GME0503,OPP0052,LOC0041
GME0504,OPP0174,LOC0041
GME0505,OPP0174,LOC0041
GME0506,OPP0134,LOC0074
GME0507,OPP0175,LOC0074
GME0508,OPP0176,LOC0074
GME0509,OPP0177,LOC0074
GME0510,OPP0045,LOC0074
GME0511,OPP0006,LOC0041
GME0512,OPP0006,LOC0041
GME0513,OPP0006,LOC0041
GME0514,OPP0168,LOC0041
GME0515,OPP0168,LOC0041
GME0516,OPP0166,LOC0041
GME0517,OPP0166,LOC0041
GME0518,OPP0166,LOC0041
GME0519,OPP0054,LOC0041
GME0520,OPP0054,LOC0041
GME0521,OPP0178,LOC0075
GME0522,OPP0178,LOC0075
GME0523,OPP0178,LOC0075
GME0524,OPP0179,LOC0076
GME0525,OPP0179,LOC0076
GME0526,OPP0164,LOC0055
GME0527,OPP0164,LOC0055
GME0528,OPP0164,LOC0055
GME0529,OPP0048,LOC0041
GME0530,OPP0048,LOC0041
GME0531,OPP0048,LOC0041
GME0532,OPP0167,LOC0041
GME0533,OPP0167,LOC0041
GME0534,OPP0007,LOC0041
GME0535,OPP0007,LOC0041
GME0536,OPP0007,LOC0041
GME0537,OPP0143,LOC0077
GME0538,OPP0143,LOC0077
GME0539,OPP0143,LOC0077
GME0540,OPP0143,LOC0071
GME0541,OPP0110,LOC0056
GME0542,OPP0180,LOC0056
GME0543,OPP0181,LOC0056
GME0544,OPP0136,LOC0056
GME0545,OPP0182,LOC0056
GME0546,OPP0183,LOC0041
GME0547,OPP0183,LOC0041
GME0548,OPP0184,LOC0070
GME0549,OPP0185,LOC0070
GME0550,OPP0028,LOC0070
GME0551,OPP0127,LOC0070
GME0552,OPP0185,LOC0070
GME0553,OPP0142,LOC0078
GME0554,OPP0131,LOC0078
GME0555,OPP0186,LOC0078
GME0556,OPP0131,LOC0078
GME0557,OPP0142,LOC0078
GME0558,OPP0153,LOC0041
GME0559,OPP0088,LOC0041
GME0560,OPP0153,LOC0041
GME0561,OPP0187,LOC0041
GME0562,OPP0187,LOC0041
GME0563,OPP0188,LOC0074
GME0564,OPP0189,LOC0074
GME0565,OPP0134,LOC0074
GME0566,OPP0030,LOC0074
GME0567,OPP0114,LOC0074
GME0568,OPP0190,LOC0079
GME0569,OPP0190,LOC0079
GME0570,OPP0143,LOC0041
GME0571,OPP0143,LOC0041
GME0572,OPP0143,LOC0041
GME0573,OPP0179,LOC0041
GME0574,OPP0179,LOC0041
GME0575,OPP0164,LOC0055
GME0576,OPP0164,LOC0055
GME0577,OPP0164,LOC0055
GME0578,OPP0006,LOC0041
GME0579,OPP0006,LOC0041
GME0580,OPP0006,LOC0041
GME0581,OPP0168,LOC0041
GME0582,OPP0168,LOC0041
GME0583,OPP0178,LOC0075
GME0584,OPP0178,LOC0075
GME0585,OPP0178,LOC0075
GME0586,OPP0167,LOC0041
GME0587,OPP0167,LOC0041
GME0588,OPP0048,LOC0072
GME0589,OPP0048,LOC0072
GME0590,OPP0048,LOC0072
GME0591,OPP0166,LOC0041
GME0592,OPP0166,LOC0041
GME0593,OPP0166,LOC0041
GME0594,OPP0143,LOC0035
GME0595,OPP0018,LOC0080
GME0596,OPP0191,LOC0080
GME0597,OPP0025,LOC0081
GME0598,OPP0099,LOC0081
GME0599,OPP0192,LOC0081
GME0600,OPP0012,LOC0081
GME0601,OPP0193,LOC0081
GME0602,OPP0187,LOC0056
GME0603,OPP0067,LOC0056
GME0604,OPP0105,LOC0056
GME0605,OPP0194,LOC0056
GME0606,OPP0067,LOC0056
GME0607,OPP0099,LOC0066
GME0608,OPP0030,LOC0066
GME0609,OPP0195,LOC0066
GME0610,OPP0147,LOC0066
GME0611,OPP0176,LOC0066
GME0612,OPP0012,LOC0041
GME0613,OPP0012,LOC0041
GME0614,OPP0024,LOC0082
GME0615,OPP0063,LOC0082
GME0616,OPP0127,LOC0082
GME0617,OPP0011,LOC0082
GME0618,OPP0196,LOC0082
GME0619,OPP0149,LOC0041
GME0620,OPP0149,LOC0041
GME0621,OPP0153,LOC0041
GME0622,OPP0104,LOC0041
GME0623,OPP0046,LOC0041
GME0624,OPP0174,LOC0041
GME0625,OPP0046,LOC0041
GME0626,OPP0006,LOC0083
GME0627,OPP0006,LOC0083
GME0628,OPP0164,LOC0041
GME0629,OPP0164,LOC0041
GME0630,OPP0164,LOC0041
GME0631,OPP0138,LOC0041
GME0632,OPP0138,LOC0041
GME0633,OPP0048,LOC0041
GME0634,OPP0048,LOC0041
GME0635,OPP0048,LOC0041
GME0636,OPP0197,LOC0041
GME0637,OPP0197,LOC0041
GME0638,OPP0052,LOC0041
GME0639,OPP0052,LOC0041
GME0640,OPP0166,LOC0071
GME0641,OPP0166,LOC0071
GME0642,OPP0166,LOC0071
GME0643,OPP0167,LOC0041
GME0644,OPP0167,LOC0041
GME0645,OPP0143,LOC0077
GME0646,OPP0143,LOC0077
GME0647,OPP0143,LOC0077
GME0648,OPP0007,LOC0041
GME0649,OPP0007,LOC0041
GME0650,OPP0007,LOC0041
GME0651,OPP0197,LOC0055
GME0652,OPP0007,LOC0055
GME0653,OPP0012,LOC0041
GME0654,OPP0198,LOC0041
GME0655,OPP0012,LOC0041
GME0656,OPP0182,LOC0056
GME0657,OPP0136,LOC0056
GME0658,OPP0067,LOC0056
GME0659,OPP0199,LOC0056
GME0660,OPP0199,LOC0056
GME0661,OPP0131,LOC0084
GME0662,OPP0025,LOC0084
GME0663,OPP0150,LOC0084
GME0664,OPP0152,LOC0084
GME0665,OPP0110,LOC0084
GME0666,OPP0153,LOC0041
GME0667,OPP0200,LOC0041
GME0668,OPP0029,LOC0041
GME0669,OPP0153,LOC0041
GME0670,OPP0200,LOC0041
GME0671,OPP0168,LOC0041
GME0672,OPP0168,LOC0041
GME0673,OPP0006,LOC0041
GME0674,OPP0006,LOC0041
GME0675,OPP0135,LOC0070
GME0676,OPP0201,LOC0070
GME0677,OPP0175,LOC0082
GME0678,OPP0190,LOC0082
GME0679,OPP0202,LOC0082
GME0680,OPP0045,LOC0082
GME0681,OPP0018,LOC0082
GME0682,OPP0050,LOC0041
GME0683,OPP0050,LOC0041
GME0684,OPP0164,LOC0055
GME0685,OPP0164,LOC0055
GME0686,OPP0164,LOC0055
GME0687,OPP0172,LOC0041
GME0688,OPP0172,LOC0041
GME0689,OPP0166,LOC0041
GME0690,OPP0166,LOC0041
GME0691,OPP0166,LOC0041
GME0692,OPP0086,LOC0041
GME0693,OPP0086,LOC0041
GME0694,OPP0143,LOC0041
GME0695,OPP0143,LOC0041
GME0696,OPP0143,LOC0041
GME0697,OPP0029,LOC0085
GME0698,OPP0007,LOC0035
GME0699,OPP0007,LOC0035
GME0700,OPP0007,LOC0035
GME0701,OPP0178,LOC0075
GME0702,OPP0178,LOC0075
GME0703,OPP0178,LOC0075
GME0704,OPP0167,LOC0041
GME0705,OPP0167,LOC0041
GME0706,OPP0195,LOC0041
GME0707,OPP0195,LOC0041
GME0708,OPP0048,LOC0072
GME0709,OPP0048,LOC0072
GME0710,OPP0166,LOC0077
GME0711,OPP0149,LOC0041
GME0712,OPP0165,LOC0041
GME0713,OPP0149,LOC0041
GME0714,OPP0142,LOC0056
GME0715,OPP0136,LOC0056
GME0716,OPP0180,LOC0056
GME0717,OPP0110,LOC0056
GME0718,OPP0067,LOC0056
GME0719,OPP0109,LOC0065
GME0720,OPP0203,LOC0065
GME0721,OPP0204,LOC0065
GME0722,OPP0082,LOC0065
GME0723,OPP0171,LOC0065
GME0724,OPP0161,LOC0065
GME0725,OPP0205,LOC0086
GME0726,OPP0038,LOC0086
GME0727,OPP0182,LOC0086
GME0728,OPP0205,LOC0086
GME0729,OPP0045,LOC0041
GME0730,OPP0206,LOC0041
GME0731,OPP0207,LOC0041
GME0732,OPP0045,LOC0041
GME0733,OPP0029,LOC0041
GME0734,OPP0173,LOC0041
GME0735,OPP0094,LOC0041
GME0736,OPP0149,LOC0041
GME0737,OPP0200,LOC0041
GME0738,OPP0168,LOC0041
GME0739,OPP0007,LOC0041
GME0740,OPP0007,LOC0041
GME0741,OPP0007,LOC0041
GME0742,OPP0060,LOC0041
GME0743,OPP0178,LOC0041
GME0744,OPP0178,LOC0041
GME0745,OPP0178,LOC0041
GME0746,OPP0006,LOC0083
GME0747,OPP0006,LOC0083
GME0748,OPP0006,LOC0083
GME0749,OPP0172,LOC0041
GME0750,OPP0172,LOC0041
GME0751,OPP0166,LOC0071
GME0752,OPP0166,LOC0071
GME0753,OPP0166,LOC0071
GME0754,OPP0048,LOC0041
GME0755,OPP0048,LOC0041
GME0756,OPP0048,LOC0041
GME0757,OPP0027,LOC0041
GME0758,OPP0027,LOC0041
GME0759,OPP0143,LOC0077
GME0760,OPP0143,LOC0077
GME0761,OPP0143,LOC0077
GME0762,OPP0086,LOC0041
GME0763,OPP0086,LOC0041
GME0764,OPP0167,LOC0041
GME0765,OPP0167,LOC0041
GME0766,OPP0164,LOC0041
GME0767,OPP0164,LOC0041
GME0768,OPP0143,LOC0075
GME0769,OPP0110,LOC0056
GME0770,OPP0142,LOC0056
GME0771,OPP0202,LOC0056
GME0772,OPP0110,LOC0056
GME0773,OPP0044,LOC0064
GME0774,OPP0208,LOC0064
GME0775,OPP0208,LOC0064
GME0776,OPP0044,LOC0064
GME0777,OPP0026,LOC0041
GME0778,OPP0026,LOC0041
GME0779,OPP0046,LOC0066
GME0780,OPP0209,LOC0066
GME0781,OPP0114,LOC0066
GME0782,OPP0152,LOC0066
GME0783,OPP0050,LOC0041
GME0784,OPP0050,LOC0041
GME0785,OPP0173,LOC0041
GME0786,OPP0135,LOC0041
GME0787,OPP0149,LOC0041
GME0788,OPP0067,LOC0041
GME0789,OPP0067,LOC0041
GME0790,OPP0210,LOC0041
GME0791,OPP0198,LOC0041
GME0792,OPP0177,LOC0041
GME0793,OPP0026,LOC0041
GME0794,OPP0211,LOC0041
GME0795,OPP0007,LOC0035
GME0796,OPP0007,LOC0035
GME0797,OPP0007,LOC0035
GME0798,OPP0143,LOC0041
GME0799,OPP0143,LOC0041
GME0800,OPP0143,LOC0041
GME0801,OPP0167,LOC0041
GME0802,OPP0167,LOC0041
GME0803,OPP0166,LOC0041
GME0804,OPP0166,LOC0041
GME0805,OPP0166,LOC0041
GME0806,OPP0138,LOC0041
GME0807,OPP0138,LOC0041
GME0808,OPP0178,LOC0075
GME0809,OPP0178,LOC0075
GME0810,OPP0178,LOC0075
GME0811,OPP0027,LOC0087
GME0812,OPP0027,LOC0087
GME0813,OPP0006,LOC0041
GME0814,OPP0006,LOC0041
GME0815,OPP0006,LOC0041
GME0816,OPP0086,LOC0041
GME0817,OPP0086,LOC0041
GME0818,OPP0164,LOC0055
GME0819,OPP0164,LOC0055
GME0820,OPP0164,LOC0055
GME0821,OPP0029,LOC0085
GME0822,OPP0029,LOC0085
GME0823,OPP0048,LOC0088
GME0824,OPP0048,LOC0088
GME0825,OPP0048,LOC0088
GME0826,OPP0143,LOC0041
GME0827,OPP0048,LOC0041
GME0828,OPP0110,LOC0056
GME0829,OPP0012,LOC0056
GME0830,OPP0180,LOC0056
GME0831,OPP0127,LOC0056
GME0832,OPP0110,LOC0056
GME0833,OPP0082,LOC0065
GME0834,OPP0111,LOC0065
GME0835,OPP0212,LOC0065
GME0836,OPP0161,LOC0065
GME0837,OPP0213,LOC0065
GME0838,OPP0085,LOC0065
GME0839,OPP0042,LOC0082
GME0840,OPP0214,LOC0082
GME0841,OPP0104,LOC0082
GME0842,OPP0095,LOC0082
GME0843,OPP0088,LOC0041
GME0844,OPP0101,LOC0041
GME0845,OPP0153,LOC0041
GME0846,OPP0215,LOC0041
GME0847,OPP0215,LOC0041
GME0848,OPP0026,LOC0085
GME0849,OPP0026,LOC0085
GME0850,OPP0216,LOC0041
GME0851,OPP0216,LOC0041
GME0852,OPP0006,LOC0083
GME0853,OPP0006,LOC0083
GME0854,OPP0006,LOC0083
GME0855,OPP0138,LOC0089
GME0856,OPP0138,LOC0089
GME0857,OPP0166,LOC0071
GME0858,OPP0166,LOC0071
GME0859,OPP0166,LOC0071
GME0860,OPP0167,LOC0041
GME0861,OPP0167,LOC0041
GME0862,OPP0007,LOC0041
GME0863,OPP0007,LOC0041
GME0864,OPP0007,LOC0090
GME0865,OPP0138,LOC0041
GME0866,OPP0138,LOC0041
GME0867,OPP0164,LOC0041
GME0868,OPP0164,LOC0041
GME0869,OPP0086,LOC0041
GME0870,OPP0086,LOC0041
GME0871,OPP0143,LOC0077
GME0872,OPP0143,LOC0077
GME0873,OPP0143,LOC0077
GME0874,OPP0029,LOC0041
GME0875,OPP0029,LOC0041
GME0876,OPP0197,LOC0041
GME0877,OPP0197,LOC0041
GME0878,OPP0197,LOC0041
GME0879,OPP0027,LOC0041
GME0880,OPP0027,LOC0041
GME0881,OPP0048,LOC0041
GME0882,OPP0048,LOC0041
GME0883,OPP0048,LOC0041
GME0884,OPP0164,LOC0071
GME0885,OPP0197,LOC0071
GME0886,OPP0166,LOC0071
GME0887,OPP0101,LOC0091
GME0888,OPP0217,LOC0091
GME0889,OPP0077,LOC0091
GME0890,OPP0070,LOC0091
GME0891,OPP0101,LOC0091
GME0892,OPP0018,LOC0092
GME0893,OPP0092,LOC0092
GME0894,OPP0160,LOC0092
GME0895,OPP0218,LOC0092
GME0896,OPP0219,LOC0092
GME0897,OPP0220,LOC0092
GME0898,OPP0221,LOC0093
GME0899,OPP0110,LOC0093
GME0900,OPP0166,LOC0093
GME0901,OPP0221,LOC0071
GME0902,OPP0050,LOC0094
GME0903,OPP0179,LOC0094
GME0904,OPP0222,LOC0094
GME0905,OPP0223,LOC0094
GME0906,OPP0050,LOC0017
GME0907,OPP0050,LOC0017
GME0908,OPP0164,LOC0055
GME0909,OPP0164,LOC0055
GME0910,OPP0164,LOC0055
GME0911,OPP0224,LOC0018
GME0912,OPP0224,LOC0018
GME0913,OPP0007,LOC0035
GME0914,OPP0007,LOC0035
GME0915,OPP0007,LOC0035
GME0916,OPP0225,LOC0018
GME0917,OPP0225,LOC0018
GME0918,OPP0200,LOC0018
GME0919,OPP0200,LOC0018
GME0920,OPP0178,LOC0075
GME0921,OPP0178,LOC0075
GME0922,OPP0178,LOC0075
GME0923,OPP0167,LOC0018
GME0924,OPP0167,LOC0018
GME0925,OPP0143,LOC0018
GME0926,OPP0143,LOC0041
GME0927,OPP0179,LOC0018
GME0928,OPP0179,LOC0018
GME0929,OPP0006,LOC0018
GME0930,OPP0006,LOC0018
GME0931,OPP0006,LOC0018
GME0932,OPP0086,LOC0018
GME0933,OPP0086,LOC0018
GME0934,OPP0048,LOC0095
GME0935,OPP0048,LOC0072
GME0936,OPP0048,LOC0095
GME0937,OPP0029,LOC0085
GME0938,OPP0029,LOC0085
GME0939,OPP0094,LOC0096
GME0940,OPP0094,LOC0096
GME0941,OPP0166,LOC0018
GME0942,OPP0166,LOC0018
GME0943,OPP0166,LOC0018
GME0944,OPP0007,LOC0035
GME0945,OPP0143,LOC0035
GME0946,OPP0122,LOC0078
GME0947,OPP0131,LOC0078
GME0948,OPP0027,LOC0078
GME0949,OPP0122,LOC0078
GME0950,OPP0131,LOC0078
GME0951,OPP0036,LOC0081
GME0952,OPP0183,LOC0081
GME0953,OPP0193,LOC0081
GME0954,OPP0163,LOC0081
GME0955,OPP0193,LOC0081
GME0956,OPP0132,LOC0071
GME0957,OPP0184,LOC0071
GME0958,OPP0114,LOC0071
GME0959,OPP0226,LOC0071
GME0960,OPP0227,LOC0071
GME0961,OPP0200,LOC0041
GME0962,OPP0052,LOC0041
GME0963,OPP0135,LOC0041
GME0964,OPP0135,LOC0041
GME0965,OPP0143,LOC0077
GME0966,OPP0143,LOC0077
GME0967,OPP0046,LOC0097
GME0968,OPP0021,LOC0041
GME0969,OPP0167,LOC0041
GME0970,OPP0006,LOC0083
GME0971,OPP0006,LOC0083
GME0972,OPP0166,LOC0071
GME0973,OPP0166,LOC0071
GME0974,OPP0007,LOC0041
GME0975,OPP0007,LOC0041
GME0976,OPP0029,LOC0041
GME0977,OPP0164,LOC0041
GME0978,OPP0094,LOC0041
GME0979,OPP0179,LOC0041
GME0980,OPP0006,LOC0041
GME0981,OPP0166,LOC0041
GME0982,OPP0197,LOC0041
GME0983,OPP0143,LOC0041
GME0984,OPP0073,LOC0082
GME0985,OPP0172,LOC0082
GME0986,OPP0176,LOC0082
GME0987,OPP0088,LOC0082
GME0988,OPP0176,LOC0082
GME0989,OPP0022,LOC0031
GME0990,OPP0074,LOC0031
GME0991,OPP0137,LOC0031
GME0992,OPP0074,LOC0031
GME0993,OPP0137,LOC0031
GME0994,OPP0015,LOC0081
GME0995,OPP0228,LOC0081
GME0996,OPP0229,LOC0081
GME0997,OPP0193,LOC0081
GME0998,OPP0193,LOC0081
GME0999,OPP0132,LOC0071
GME1000,OPP0230,LOC0071
GME1001,OPP0147,LOC0071
GME1002,OPP0110,LOC0071
GME1003,OPP0139,LOC0071
GME1004,OPP0007,LOC0071
GME1005,OPP0023,LOC0041
GME1006,OPP0023,LOC0041
GME1007,OPP0048,LOC0041
GME1008,OPP0231,LOC0041
GME1009,OPP0225,LOC0041
GME1010,OPP0067,LOC0041
GME1011,OPP0135,LOC0041
GME1012,OPP0167,LOC0041
GME1013,OPP0067,LOC0041
GME1014,OPP0179,LOC0076
GME1015,OPP0179,LOC0076
GME1016,OPP0227,LOC0041
GME1017,OPP0227,LOC0041
GME1018,OPP0178,LOC0075
GME1019,OPP0178,LOC0075
GME1020,OPP0007,LOC0035
GME1021,OPP0007,LOC0035
GME1022,OPP0232,LOC0041
GME1023,OPP0232,LOC0041
GME1024,OPP0050,LOC0067
GME1025,OPP0050,LOC0067
GME1026,OPP0166,LOC0041
GME1027,OPP0166,LOC0041
GME1028,OPP0006,LOC0041
GME1029,OPP0006,LOC0041
GME1030,OPP0029,LOC0098
GME1031,OPP0029,LOC0098
GME1032,OPP0164,LOC0055
GME1033,OPP0164,LOC0055
GME1034,OPP0094,LOC0099
GME1035,OPP0094,LOC0099
GME1036,OPP0131,LOC0041
GME1037,OPP0131,LOC0041
GME1038,OPP0046,LOC0041
GME1039,OPP0046,LOC0041
GME1040,OPP0006,LOC0071
GME1041,OPP0007,LOC0071
GME1042,OPP0197,LOC0071
GME1043,OPP0164,LOC0071
GME1044,OPP0048,LOC0081
GME1045,OPP0146,LOC0081
GME1046,OPP0193,LOC0081
GME1047,OPP0048,LOC0081
GME1048,OPP0020,LOC0082
GME1049,OPP0173,LOC0082
GME1050,OPP0233,LOC0082
GME1051,OPP0163,LOC0082
GME1052,OPP0136,LOC0100
GME1053,OPP0220,LOC0100
GME1054,OPP0234,LOC0100
GME1055,OPP0235,LOC0100
GME1056,OPP0236,LOC0100
GME1057,OPP0237,LOC0101
GME1058,OPP0164,LOC0101
GME1059,OPP0230,LOC0101
GME1060,OPP0238,LOC0101
GME1061,OPP0166,LOC0071
GME1062,OPP0166,LOC0071
GME1063,OPP0172,LOC0041
GME1064,OPP0179,LOC0041
GME1065,OPP0179,LOC0041
GME1066,OPP0164,LOC0041
GME1067,OPP0164,LOC0041
GME1068,OPP0054,LOC0041
GME1069,OPP0054,LOC0041
GME1070,OPP0050,LOC0041
GME1071,OPP0050,LOC0041
GME1072,OPP0006,LOC0083
GME1073,OPP0006,LOC0083
GME1074,OPP0224,LOC0041
GME1075,OPP0224,LOC0041
GME1076,OPP0007,LOC0041
GME1077,OPP0007,LOC0041
GME1078,OPP0086,LOC0041
GME1079,OPP0086,LOC0041
GME1080,OPP0029,LOC0041
GME1081,OPP0029,LOC0041
GME1082,OPP0231,LOC0041
GME1083,OPP0231,LOC0041
GME1084,OPP0026,LOC0041
GME1085,OPP0026,LOC0041
GME1086,OPP0006,LOC0071
GME1087,OPP0007,LOC0071
GME1088,OPP0006,LOC0071
GME1089,OPP0069,LOC0078
GME1090,OPP0075,LOC0078
GME1091,OPP0069,LOC0078
GME1092,OPP0239,LOC0071
GME1093,OPP0165,LOC0071
GME1094,OPP0166,LOC0071
GME1095,OPP0193,LOC0071
GME1096,OPP0173,LOC0082
GME1097,OPP0235,LOC0100
GME1098,OPP0002,LOC0100
GME1099,OPP0240,LOC0100
GME1100,OPP0080,LOC0100
GME1101,OPP0094,LOC0099
GME1102,OPP0241,LOC0102
GME1103,OPP0241,LOC0102
GME1104,OPP0235,LOC0101
GME1105,OPP0240,LOC0101
GME1106,OPP0242,LOC0101
GME1107,OPP0208,LOC0101
GME1108,OPP0191,LOC0101
GME1109,OPP0164,LOC0101
GME1110,OPP0164,LOC0055
GME1111,OPP0164,LOC0055
GME1112,OPP0225,LOC0076
GME1113,OPP0225,LOC0076
GME1114,OPP0179,LOC0076
GME1115,OPP0225,LOC0076
GME1116,OPP0243,LOC0076
GME1117,OPP0243,LOC0076
GME1118,OPP0006,LOC0035
GME1119,OPP0164,LOC0035
GME1120,OPP0007,LOC0035
GME1121,OPP0007,LOC0035
GME1122,OPP0029,LOC0041
GME1123,OPP0029,LOC0041
GME1124,OPP0179,LOC0076
GME1125,OPP0179,LOC0076
GME1126,OPP0006,LOC0041
GME1127,OPP0244,LOC0041
GME1128,OPP0244,LOC0041
GME1129,OPP0007,LOC0035
GME1130,OPP0007,LOC0035
GME1131,OPP0029,LOC0085
GME1132,OPP0029,LOC0085
GME1133,OPP0164,LOC0071
GME1134,OPP0006,LOC0071
GME1135,OPP0147,LOC0082
GME1136,OPP0159,LOC0082
GME1137,OPP0172,LOC0082
GME1138,OPP0157,LOC0082
GME1139,OPP0233,LOC0082
GME1140,OPP0114,LOC0056
GME1141,OPP0166,LOC0056
GME1142,OPP0136,LOC0056
GME1143,OPP0114,LOC0056
GME1144,OPP0029,LOC0041
GME1145,OPP0220,LOC0082
GME1146,OPP0114,LOC0082
GME1147,OPP0234,LOC0082
GME1148,OPP0245,LOC0041
GME1149,OPP0245,LOC0041
GME1150,OPP0230,LOC0071
GME1151,OPP0165,LOC0071
GME1152,OPP0146,LOC0041
GME1153,OPP0230,LOC0101
GME1154,OPP0194,LOC0101
GME1155,OPP0246,LOC0085
GME1156,OPP0026,LOC0041
GME1157,OPP0026,LOC0041
GME1158,OPP0179,LOC0041
GME1159,OPP0164,LOC0041
GME1160,OPP0006,LOC0083
GME1161,OPP0006,LOC0083
GME1162,OPP0029,LOC0098
GME1163,OPP0012,LOC0083
GME1164,OPP0012,LOC0083
GME1165,OPP0166,LOC0083
GME1166,OPP0166,LOC0075
GME1167,OPP0006,LOC0075
GME1168,OPP0247,LOC0075
GME1169,OPP0248,LOC0075
GME1170,OPP0249,LOC0075
GME1171,OPP0250,LOC0075
GME1172,OPP0220,LOC0075
GME1173,OPP0153,LOC0041
GME1174,OPP0194,LOC0041
GME1175,OPP0194,LOC0041
GME1176,OPP0241,LOC0041
GME1177,OPP0172,LOC0082
GME1178,OPP0055,LOC0082
GME1179,OPP0251,LOC0082
GME1180,OPP0194,LOC0082
GME1181,OPP0252,LOC0071
GME1182,OPP0151,LOC0071
GME1183,OPP0143,LOC0071
GME1184,OPP0070,LOC0071
GME1185,OPP0253,LOC0071
GME1186,OPP0164,LOC0055
GME1187,OPP0164,LOC0055
GME1188,OPP0191,LOC0101
GME1189,OPP0254,LOC0101
GME1190,OPP0044,LOC0101
GME1191,OPP0114,LOC0101
GME1192,OPP0255,LOC0101
GME1193,OPP0246,LOC0041
GME1194,OPP0246,LOC0041
GME1195,OPP0239,LOC0041
GME1196,OPP0239,LOC0041
GME1197,OPP0180,LOC0103
GME1198,OPP0180,LOC0103
GME1199,OPP0029,LOC0041
GME1200,OPP0029,LOC0041
GME1201,OPP0007,LOC0035
GME1202,OPP0012,LOC0104
GME1203,OPP0006,LOC0041
GME1204,OPP0166,LOC0071
GME1205,OPP0164,LOC0071
GME1206,OPP0007,LOC0071
GME1207,OPP0166,LOC0041
GME1208,OPP0166,LOC0041
GME1209,OPP0153,LOC0105
GME1210,OPP0136,LOC0106
GME1211,OPP0193,LOC0082
GME1212,OPP0060,LOC0106
GME1213,OPP0136,LOC0082
GME1214,OPP0024,LOC0107
GME1215,OPP0131,LOC0107
GME1216,OPP0104,LOC0108
GME1217,OPP0193,LOC0107
GME1218,OPP0250,LOC0109
GME1219,OPP0176,LOC0109
GME1220,OPP0220,LOC0106
GME1221,OPP0157,LOC0106
GME1222,OPP0131,LOC0106
GME1223,OPP0136,LOC0110
GME1224,OPP0180,LOC0041
GME1225,OPP0166,LOC0110
GME1226,OPP0249,LOC0111
GME1227,OPP0256,LOC0055
GME1228,OPP0026,LOC0112
GME1229,OPP0029,LOC0041
GME1230,OPP0172,LOC0041
GME1231,OPP0172,LOC0041
GME1232,OPP0164,LOC0041
GME1233,OPP0047,LOC0041
GME1234,OPP0007,LOC0041
GME1235,OPP0007,LOC0041
GME1236,OPP0006,LOC0113
GME1237,OPP0233,LOC0106
GME1238,OPP0233,LOC0106
GME1239,OPP0153,LOC0041
GME1240,OPP0153,LOC0018
GME1241,OPP0006,LOC0110
GME1242,OPP0006,LOC0110
GME1243,OPP0218,LOC0114
GME1244,OPP0218,LOC0114
GME1245,OPP0218,LOC0114
GME1246,OPP0146,LOC0075
GME1247,OPP0257,LOC0075
GME1248,OPP0258,LOC0075
GME1249,OPP0193,LOC0075
GME1250,OPP0088,LOC0075
GME1251,OPP0029,LOC0115
GME1252,OPP0026,LOC0115
GME1253,OPP0179,LOC0115
GME1254,OPP0094,LOC0115
GME1255,OPP0094,LOC0115
GME1256,OPP0026,LOC0115
GME1257,OPP0146,LOC0041
GME1258,OPP0153,LOC0041
GME1259,OPP0029,LOC0116
GME1260,OPP0029,LOC0116
GME1261,OPP0259,LOC0041
GME1262,OPP0259,LOC0041
GME1263,OPP0180,LOC0117
GME1264,OPP0180,LOC0117
GME1265,OPP0019,LOC0041
GME1266,OPP0102,LOC0118
GME1267,OPP0012,LOC0118
GME1268,OPP0124,LOC0118
GME1269,OPP0068,LOC0118
GME1270,OPP0164,LOC0055
GME1271,OPP0164,LOC0055
GME1272,OPP0260,LOC0101
GME1273,OPP0220,LOC0101
GME1274,OPP0249,LOC0101
GME1275,OPP0069,LOC0101
GME1276,OPP0070,LOC0101
GME1277,OPP0261,LOC0015
GME1278,OPP0261,LOC0015
GME1279,OPP0007,LOC0002
GME1280,OPP0007,LOC0002
GME1281,OPP0179,LOC0041
GME1282,OPP0179,LOC0041
GME1283,OPP0006,LOC0041
GME1284,OPP0006,LOC0041
GME1285,OPP0233,LOC0041
GME1286,OPP0233,LOC0041
GME1287,OPP0166,LOC0041
GME1288,OPP0166,LOC0041
GME1289,OPP0166,LOC0093
GME1290,OPP0164,LOC0093
GME1291,OPP0007,LOC0093
GME1292,OPP0179,LOC0119
GME1293,OPP0179,LOC0119
GME1294,OPP0153,LOC0120
GME1295,OPP0153,LOC0120
GME1296,OPP0010,LOC0075
GME1297,OPP0262,LOC0075
GME1298,OPP0012,LOC0075
GME1299,OPP0249,LOC0075
GME1300,OPP0146,LOC0121
GME1301,OPP0146,LOC0121
GME1302,OPP0224,LOC0085
GME1303,OPP0224,LOC0085
GME1304,OPP0094,LOC0122
GME1305,OPP0094,LOC0122
GME1306,OPP0143,LOC0122
GME1307,OPP0143,LOC0122
GME1308,OPP0233,LOC0123
GME1309,OPP0233,LOC0123
GME1310,OPP0114,LOC0093
GME1311,OPP0114,LOC0093
GME1312,OPP0166,LOC0093
GME1313,OPP0166,LOC0093
GME1314,OPP0133,LOC0124
GME1315,OPP0133,LOC0124
GME1316,OPP0143,LOC0101
GME1317,OPP0263,LOC0101
GME1318,OPP0070,LOC0101
GME1319,OPP0264,LOC0101
GME1320,OPP0179,LOC0122
GME1321,OPP0179,LOC0122
GME1322,OPP0247,LOC0122
GME1323,OPP0247,LOC0122
GME1324,OPP0007,LOC0122
GME1325,OPP0007,LOC0122
GME1326,OPP0006,LOC0016
GME1327,OPP0006,LOC0016
GME1328,OPP0164,LOC0122
GME1329,OPP0164,LOC0122
GME1330,OPP0265,LOC0122
GME1331,OPP0265,LOC0122
GME1332,OPP0006,LOC0101
GME1333,OPP0166,LOC0101
GME1334,OPP0164,LOC0101
GME1335,OPP0166,LOC0101
GME1336,OPP0261,LOC0041
GME1337,OPP0261,LOC0041
GME1338,OPP0026,LOC0085
GME1339,OPP0026,LOC0085
GME1340,OPP0029,LOC0122
GME1341,OPP0029,LOC0122
GME1342,OPP0014,LOC0125
GME1343,OPP0222,LOC0125
GME1344,OPP0191,LOC0125
GME1345,OPP0010,LOC0075
GME1346,OPP0266,LOC0075
GME1347,OPP0185,LOC0075
GME1348,OPP0241,LOC0075
GME1349,OPP0220,LOC0075
GME1350,OPP0026,LOC0041
GME1351,OPP0026,LOC0041
GME1352,OPP0259,LOC0041
GME1353,OPP0259,LOC0041
GME1354,OPP0224,LOC0041
GME1355,OPP0224,LOC0041
GME1356,OPP0217,LOC0126
GME1357,OPP0267,LOC0126
GME1358,OPP0163,LOC0126
GME1359,OPP0258,LOC0126
GME1360,OPP0268,LOC0126
GME1361,OPP0267,LOC0126
GME1362,OPP0153,LOC0118
GME1363,OPP0153,LOC0118
GME1364,OPP0229,LOC0127
GME1365,OPP0229,LOC0127
GME1366,OPP0261,LOC0015
GME1367,OPP0261,LOC0015
GME1368,OPP0261,LOC0118
GME1369,OPP0187,LOC0118
GME1370,OPP0269,LOC0118
GME1371,OPP0044,LOC0118
GME1372,OPP0185,LOC0118
GME1373,OPP0201,LOC0118
GME1374,OPP0164,LOC0055
GME1375,OPP0164,LOC0055
GME1376,OPP0107,LOC0101
GME1377,OPP0133,LOC0101
GME1378,OPP0070,LOC0101
GME1379,OPP0233,LOC0041
GME1380,OPP0233,LOC0041
GME1381,OPP0166,LOC0041
GME1382,OPP0166,LOC0041
GME1383,OPP0006,LOC0041
GME1384,OPP0006,LOC0041
GME1385,OPP0007,LOC0002
GME1386,OPP0007,LOC0002
GME1387,OPP0249,LOC0035
GME1388,OPP0136,LOC0035
GME1389,OPP0166,LOC0035
GME1390,OPP0157,LOC0035
GME1391,OPP0006,LOC0075
GME1392,OPP0007,LOC0075
GME1393,OPP0166,LOC0075
GME1394,OPP0007,LOC0075
GME1395,OPP0054,LOC0041
GME1396,OPP0054,LOC0041
GME1397,OPP0096,LOC0128
GME1398,OPP0096,LOC0128
GME1399,OPP0180,LOC0041
GME1400,OPP0180,LOC0041
GME1401,OPP0176,LOC0041
GME1402,OPP0176,LOC0041
GME1403,OPP0007,LOC0002
GME1404,OPP0007,LOC0002
GME1405,OPP0179,LOC0041
GME1406,OPP0179,LOC0041
GME1407,OPP0270,LOC0041
GME1408,OPP0270,LOC0041
GME1409,OPP0271,LOC0041
GME1410,OPP0271,LOC0041
GME1411,OPP0258,LOC0041
GME1412,OPP0258,LOC0041
GME1413,OPP0222,LOC0041
GME1414,OPP0222,LOC0041
GME1415,OPP0179,LOC0118
GME1416,OPP0229,LOC0118
GME1417,OPP0181,LOC0118
GME1418,OPP0272,LOC0118
GME1419,OPP0096,LOC0041
GME1420,OPP0096,LOC0041
GME1421,OPP0164,LOC0055
GME1422,OPP0164,LOC0055
GME1423,OPP0077,LOC0101
GME1424,OPP0132,LOC0101
GME1425,OPP0273,LOC0101
GME1426,OPP0123,LOC0101
GME1427,OPP0229,LOC0041
GME1428,OPP0229,LOC0041
GME1429,OPP0200,LOC0129
GME1430,OPP0200,LOC0129
GME1431,OPP0259,LOC0041
GME1432,OPP0259,LOC0041
GME1433,OPP0274,LOC0130
GME1434,OPP0274,LOC0130
GME1435,OPP0054,LOC0085
GME1436,OPP0054,LOC0085
GME1437,OPP0224,LOC0041
GME1438,OPP0224,LOC0041
GME1439,OPP0026,LOC0085
GME1440,OPP0026,LOC0085
GME1441,OPP0275,LOC0131
GME1442,OPP0275,LOC0131
GME1443,OPP0007,LOC0093
GME1444,OPP0006,LOC0093
GME1445,OPP0274,LOC0041
GME1446,OPP0274,LOC0041
GME1447,OPP0179,LOC0119
GME1448,OPP0179,LOC0119
GME1449,OPP0259,LOC0132
GME1450,OPP0259,LOC0132
